{"cameraMode":{"drawMode":0,"name":"Shaded","section":"Shading Mode"},"sceneLighting":true,"audioPlay":false,"sceneViewState":{"m_AlwaysRefresh":false,"showFog":true,"showSkybox":false,"showFlares":true,"showImageEffects":true,"showParticleSystems":true,"showVisualEffectGraphs":true,"m_FxEnabled":true},"in2DMode":false,"pivot":{"x":21.936527252197267,"y":1.7870378494262696,"z":-32.07187271118164},"rotation":{"x":-0.3341834545135498,"y":0.07930357754230499,"z":-0.028231941163539888,"w":-0.9387453198432922},"size":0.4229484796524048,"orthographic":false}