{"cameraMode":{"drawMode":0,"name":"Shaded","section":"Shading Mode"},"sceneLighting":true,"audioPlay":false,"sceneViewState":{"m_AlwaysRefresh":false,"showFog":true,"showSkybox":false,"showFlares":true,"showImageEffects":true,"showParticleSystems":true,"showVisualEffectGraphs":true,"m_FxEnabled":true},"in2DMode":false,"pivot":{"x":21.882110595703126,"y":0.9199998378753662,"z":-20.41213035583496},"rotation":{"x":0.04048389196395874,"y":0.015265914611518383,"z":0.0006195589085109532,"w":-0.9990670084953308},"size":0.829156219959259,"orthographic":false}